id,author,title,description,url,urlToImage,publishedAt,content,sources
0,Igor Bonifacic,Tesla's deliveries increased despite supply shortages and plant closures,"Tesla delivered 310,048 vehicles over the first three months of 2022, the automaker announced
 on Saturday. “This was an exceptionally difficult quarter due to supply chain interruptions and China Zero-Covid policy,” Musk said
 on Twitter shortly after Tesl…",https://www.engadget.com/tesla-q-1-2022-deliveries-214141313.html,https://s.yimg.com/os/creatr-uploaded-images/2022-03/733d9be0-b2cd-11ec-b7f9-382caaedc1ae,2022-04-02T21:41:41Z,"Tesla delivered 310,048 vehicles over the first three months of 2022, the automaker announced
 on Saturday. This was an exceptionally difficult quarter due to supply chain interruptions and China Ze… [+920 chars]",Engadget
1,Steve Dent,Tesla delivers the first vehicles from its German Gigafactory,"Tesla has delivered the first 30 Model Y cars manufactured at its $5.5 billion Grenheide, Germany Gigafactory that officially opened today, Reuters has reported. ""Excited to hand over the first production cars made by Giga Berlin-Brandenburg tomorrow!"" tweete…",https://www.engadget.com/tesla-rolls-out-the-first-vehicles-from-its-german-gigafactory-123554731.html,https://s.yimg.com/os/creatr-uploaded-images/2022-03/1f982120-a9d3-11ec-afbb-a7296a01e872,2022-03-22T12:35:54Z,"Tesla has delivered the first 30 Model Y cars manufactured at its $5.5 billion Grenheide, Germany Gigafactory that officially opened today, Reuters has reported. ""Excited to hand over the first produ… [+1577 chars]",Engadget
2,Mariella Moon,"Tesla's Cybertruck will go on sale in 2023, says Elon Musk","Tesla will finally start selling the Cybertruck next year, Elon Musk has announced at the opening party for the company's Giga Texas factory. During his presentation on stage, Musk showed off the production Cybertruck vehicle, which still looks like the previ…",https://www.engadget.com/tesla-cybertruck-2023-elon-musk-071706850.html,https://s.yimg.com/os/creatr-uploaded-images/2022-04/4f335880-b704-11ec-bffb-e38b6f157738,2022-04-08T07:17:06Z,"Tesla will finally start selling the Cybertruck next year, Elon Musk has announced at the opening party for the company's Giga Texas factory. During his presentation on stage, Musk showed off the pro… [+1768 chars]",Engadget
3,Eshe Nelson,Elon Musk offers to buy Twitter for $54.20 a share.,"“Twitter has extraordinary potential. I will unlock it,” the Tesla chief executive said in a regulatory filing.",https://www.nytimes.com/live/2022/04/14/business/elon-musk-twitter,https://static01.nyt.com/images/2022/04/14/multimedia/14musk-twitter/14musk-twitter-facebookJumbo.jpg,2022-04-14T11:20:41Z,Elon Musk said his offer to buy Twitter for $54.20 a share represented a 54 percent premium over the share price on the day before he began investing in the company in late January.Credit...Pool phot… [+1862 chars],New York Times
4,Steve Dent,Elon Musk now owns a 9.2 percent stake in Twitter,"Tesla and SpaceX CEO Elon Musk now owns 9.2 percent of Twitter after purchasing $2.89 billion in stock, according to a US Securities and Exchange Commission (SEC) filing spotted by CNBC. The purchase follows recent criticism by Musk over the social media site…",https://www.engadget.com/elon-musk-now-owns-92-percent-of-twitter-113623921.html,https://s.yimg.com/os/creatr-uploaded-images/2022-02/d79845b0-8e63-11ec-9bfe-4c0ee6be58a3,2022-04-04T11:36:23Z,"Tesla and SpaceX CEO Elon Musk now owns 9.2 percent of Twitter after purchasing $2.89 billion in stock, according to a US Securities and Exchange Commission (SEC) filing spotted by CNBC. The purchase… [+1422 chars]",Engadget
5,,Watch a Tesla fly through the air before crashing,A video posted by the LAPD shows a Tesla flying over a hill and through the air in Los Angeles. Police are now asking the public for information about the driver.,https://www.cnn.com/videos/media/2022/03/21/rented-tesla-air-stunt-lapd-mxp-hln-vpx.hln,https://cdn.cnn.com/cnnnext/dam/assets/220321112351-tesla-flies-in-stunt-hln-vpx-super-tease.jpg,2022-03-21T16:21:13Z,Morning Express with Robin Meade,CNN
6,Jay Peters,"Block and Blockstream are partnering with Tesla on an off-grid, solar-powered Bitcoin mine in Texas","Block and Blockstream are partnering with Tesla on an open-source, solar-powered Bitcoin mine, the companies announced Friday. Tesla’s 3.8-megawatt Solar PV array and its 12 megawatt-hour Megapack will power the facility, and construction has started on the p…",https://www.theverge.com/2022/4/8/23016553/block-blockstream-tesla-solar-bitcoin-mine-texas,https://cdn.vox-cdn.com/thumbor/OYrvaaOHBuEpdTeRO55nZnZdexs=/0x215:3000x1786/fit-in/1200x630/cdn.vox-cdn.com/uploads/chorus_asset/file/8937281/acastro_170726_1777_0007_v2.jpg,2022-04-08T16:02:52Z,"Its set to open later this year
If you buy something from a Verge link, Vox Media may earn a commission. See our ethics statement.
Illustration by Alex Castro / The Verge
Block and Blockstream, a … [+1336 chars]",The Verge
7,Kris Holt,Watch Elon Musk's TED talk live for free,"It's a busy time in the world of Elon Musk. On the same day it emerged he made a bid to buy Twitter, he's giving a TED Talk. The organizers of TED are opening up the conference's livestreaming channel to all, so anyone can watch the talk (which is underway) f…",https://www.engadget.com/elon-musk-ted-talk-how-to-watch-172254234.html,https://s.yimg.com/os/creatr-uploaded-images/2022-03/af5c9bf0-ade9-11ec-bfe7-7c9dd3b22206,2022-04-14T17:22:54Z,"It's a busy time in the world of Elon Musk. On the same day it emerged he made a bid to buy Twitter, he's giving a TED Talk. The organizers of TED are opening up the conference's livestreaming channe… [+534 chars]",Engadget
8,Kyle Barr,Honda Hopes You'll Forget About Tesla With $40 Billion EV Investment,"People better be prepared for an all-electric future of car ownership. Though in terms of companies paving the road to get to widespread acceptance, some are planning bigger than others.Read more...",https://gizmodo.com/honda-hopes-youll-forget-about-tesla-with-40-billion-e-1848782606,"https://i.kinja-img.com/gawker-media/image/upload/c_fill,f_auto,fl_progressive,g_center,h_675,pg_1,q_80,w_1200/a6fd587ef25f8bab214ad389a5cfc1f4.jpg",2022-04-12T17:10:00Z,"People better be prepared for an all-electric future of car ownership. Though in terms of companies paving the road to get to widespread acceptance, some are planning bigger than others.
Japanese ca… [+3464 chars]",Gizmodo.com
9,Trish Bendix,Late Night Isn’t Thrilled About Elon Musk’s Attempted Twitter Takeover,"“He is super smart, definitely, but he admits that he also loves dumb jokes, so we don’t know how this could turn out,” Trevor Noah said of the Tesla C.E.O.",https://www.nytimes.com/2022/04/15/arts/television/trevor-noah-elon-musk-twitter.html,https://static01.nyt.com/images/2022/04/15/arts/15latenight/15latenight-facebookJumbo.png,2022-04-15T05:31:50Z,"But one of the American companies that has suspended service in Russia is Netflix, which has made subscribers in Russia so mad, theyre suing Netflix. They want 60 million rubles in compensation, whic… [+767 chars]",New York Times
10,Reuters Editorial,Musk 2018 tweets 'false and misleading' -court filing - Reuters,"A federal judge has ruled that Tesla CEO Elon Musk's 2018 tweets about having secured financing to take the company private were false, according to court filings by Tesla investors suing the billionaire over the tweets.",https://www.reuters.com/video/watch/idOV226017042022RP1,https://static.reuters.com/resources/r/?d=20220417&i=OV226017042022RP1&r=OV226017042022RP1&t=2,2022-04-17T19:46:21Z,"Posted 
A federal judge has ruled that Tesla CEO Elon Musk's 2018 tweets about having secured financing to take the company private were false, according to court filings by Tesla investors suing th… [+29 chars]",Reuters
11,Devindra Hardawar,Engadget Podcast: Apple’s confounding Studio Display and the great new iPad Air,"It’s time to talk about all of those other new Apple gadgets. This week, Engadget Deputy Editor Nathan Ingraham joins Devindra to dive into Apple’s Studio Display, a nice looking 5K monitor that’s really only meant for the Mac faithful. Also, they discuss why…",https://www.engadget.com/engadget-podcast-apple-studio-display-ipad-air-123022577.html,https://s.yimg.com/os/creatr-uploaded-images/2020-11/c8e851c0-2b3d-11eb-baea-6c6fe29971fb,2022-03-25T12:30:22Z,"Its time to talk about all of those other new Apple gadgets. This week, Engadget Deputy Editor Nathan Ingraham joins Devindra to dive into Apples Studio Display, a nice looking 5K monitor thats reall… [+1215 chars]",Engadget
12,,Tesla helps surface groundwater for investors - Reuters.com,"Tesla’s <a href=""https://www.reuters.com/companies/TSLA.O"" target=""_blank"">(TSLA.O)</a> Giga Berlin is finally set to crank out Model Ys and 3s, almost a year late <a href=""/business/autos-transportation/teslas-musk-appears-headed-berlin-austin-twitter-user-e…",https://www.reuters.com/breakingviews/tesla-helps-surface-groundwater-investors-2022-03-22/,https://www.reuters.com/resizer/NloEB4KXdDEh_A0HOGxqKdUL0zI=/728x381/smart/filters:quality(80)/cloudfront-us-east-2.images.arcpublishing.com/reuters/6UMYFVKK2JNLTP5RNGLSWMFUOA.jpg,2022-03-22T05:52:00Z,"MELBOURNE, March 22 (Reuters Breakingviews) - Teslas (TSLA.O) Giga Berlin is finally set to crank out Model Ys and 3s, almost a year late read more . Chief Executive Elon Musk routinely misses deadli… [+3759 chars]",Reuters
13,Mat Smith,The Morning After: Elon Musk faces lawsuit over his Twitter investment,"Elon Musk, Tesla CEO, SpaceX boss, that guy, has been Twitter’s largest shareholder for mere weeks but has packed in enough drama and turmoil to make it feel like months.He’s now facing legal action over the handling of his latest investment. A Twitter shareh…",https://www.engadget.com/the-morning-after-elon-musk-faces-lawsuit-over-his-twitter-investment-111507827.html,https://s.yimg.com/os/creatr-uploaded-images/2022-02/d79845b0-8e63-11ec-9bfe-4c0ee6be58a3,2022-04-14T11:15:07Z,"Elon Musk, Tesla CEO, SpaceX boss, that guy, has been Twitters largest shareholder for mere weeks but has packed in enough drama and turmoil to make it feel like months.
Hes now facing legal action … [+3037 chars]",Engadget
14,BeauHD,Tesla Officially Opens Texas Gigafactory,"An anonymous reader quotes a report from The Verge: Tesla opened its Austin, Texas-based Gigafactory on Thursday, a crucial step in the company's delayed plans to begin production of its electric Cybertruck. To celebrate the opening, Tesla held an event, bill…",https://news.slashdot.org/story/22/04/08/201239/tesla-officially-opens-texas-gigafactory,https://a.fsdn.com/sd/topics/usa_64.png,2022-04-08T20:40:00Z,"Tesla opened its Austin, Texas-based Gigafactory on Thursday, a crucial step in the company's delayed plans to begin production of its electric Cybertruck. To celebrate the opening, Tesla held an eve… [+2168 chars]",Slashdot.org
15,,Tesla proposes 2nd stock split in less than 2 years - Yahoo Finance,"<ol><li>Tesla proposes 2nd stock split in less than 2 years  Yahoo Finance
</li><li>Tesla seeks second stock split in less than 2 years - Business News  Castanet.net
</li><li>Tesla to ask shareholders to authorize additional shares  CNBC Television
</li><l…",https://www.youtube.com/supported_browsers?next_url=https%3A%2F%2Fwww.youtube.com%2Fwatch%3Fv%3DqdpsGejtJCY,,2022-03-28T16:14:21Z,"Your browser isnt supported anymore. Update it to get the best YouTube experience and our latest features. Learn more
Remind me later",YouTube
16,Richard Duggan,Tesla Signing Multi-Year Deal With Vale for Nickel Supply: Bloomberg News - VOCM,"<ol><li>Tesla Signing Multi-Year Deal With Vale for Nickel Supply: Bloomberg News  VOCM
</li><li>How Tesla Avoided a Nickel Supply Crisis  Bloomberg Technology
</li><li>Tesla dodges nickel crisis with secret deal locking in supplies  BNN
</li><li>FPX Nicke…",https://vocm.com/2022/03/30/tesla-signing-multi-year-deal-with-vale-for-nickel-supply/,https://media.socastsrm.com/wordpress/wp-content/blogs.dir/900/files/2020/06/Voiseys-Bay-Site.jpg,2022-03-30T19:07:00Z,"There are reports that Tesla has signed what’s being called a secret multi-year deal with Vale for the supply of nickel. 
Vale has a nickel mine at Voisey’s Bay in Labrador. 
Business market news l… [+646 chars]",VOCM
17,Jon Fingas,Kia's EV9 SUV will move from concept to reality in 2023,"If you thought it wouldn't be long before Kia turned the Concept EV9 into a production model, you guessed correctly. The automaker has revealed that a road-ready version of the electric SUV will be available in Europe in 2023. There was no mention of launches…",https://www.engadget.com/kia-ev9-suv-release-date-152842660.html,https://s.yimg.com/os/creatr-uploaded-images/2022-03/c3cfdba0-af70-11ec-bdff-163b8643d853,2022-03-29T15:28:42Z,"If you thought it wouldn't be long before Kia turned the Concept EV9 into a production model, you guessed correctly. The automaker has revealed that a road-ready version of the electric SUV will be a… [+1320 chars]",Engadget
18,,"Judge rules Musk's tweets over taking Tesla private were false, investors say - Reuters","A federal judge has ruled that Tesla <a href=""https://www.reuters.com/companies/TSLA.O"" target=""_blank"">(TSLA.O)</a> CEO Elon Musk's 2018 tweets about having secured financing to take the company private were false, according to court filings by Tesla investo…",https://www.reuters.com/business/autos-transportation/judge-rules-musks-tweets-over-taking-tesla-private-were-false-investors-say-2022-04-16/,https://www.reuters.com/resizer/WRMVZtUlrWrBQrT7F6DDCknGwbw=/1200x628/smart/filters:quality(80)/cloudfront-us-east-2.images.arcpublishing.com/reuters/UVLSBLZRHBPSNEMULWQ7BIODNI.jpg,2022-04-16T22:44:00Z,"SAN FRANCISCO, April 16 (Reuters) - A federal judge has ruled that Tesla (TSLA.O) CEO Elon Musk's 2018 tweets about having secured financing to take the company private were false, according to court… [+2105 chars]",Reuters
19,Tom Krisher,Tesla stockholders ask judge to silence Musk in fraud case - CP24 Toronto's Breaking News,"<ol><li>Tesla stockholders ask judge to silence Musk in fraud case  CP24 Toronto's Breaking News
</li><li>Musk's tweet about taking Tesla private was false- new court filing says  Drive Tesla Canada
</li><li>Musk 2018 tweets 'false and misleading,' court ru…",https://www.cp24.com/world/tesla-stockholders-ask-judge-to-silence-musk-in-fraud-case-1.5864935,https://www.cp24.com/polopoly_fs/1.5864936.1650232945!/httpImage/image.jpg_gen/derivatives/landscape_620/image.jpg,2022-04-17T22:02:46Z,"DETROIT (AP) - A group of Tesla shareholders suing CEO Elon Musk over some 2018 tweets about taking the company private is asking a federal judge to order Musk to stop commenting on the case.
Lawyer… [+3920 chars]",CP24 Toronto's Breaking News
20,Andrew J. Hawkins,VW’s Electrify America unveils new ‘human-centered’ EV charging stations,"Electrify America, VW’s EV charging subsidiary, says it will build new lounge-style EV charging stations in California and New York.",https://www.theverge.com/2022/3/24/22994302/vw-volkswagen-electrify-america-ev-charging-station-design-ca-ny,https://cdn.vox-cdn.com/thumbor/V7ljkPV7q20gYTU7fSDQF11Dlsw=/0x38:1920x1043/fit-in/1200x630/cdn.vox-cdn.com/uploads/chorus_asset/file/23341896/Electrify_America___The_Future_of_EV_Charging_Stations.jpg,2022-03-24T14:00:00Z,"Gas station meets Sky Club Lounge 
Electrify America
Electrify America, the electric vehicle charging company thats a subsidiary of Volkswagen, announced plans to install new human-centered chargin… [+4269 chars]",The Verge
21,,"Tesla delivers record vehicles in Q1, beats analysts' estimates - Reuters","Tesla Inc <a href=""https://www.reuters.com/companies/TSLA.O"" target=""_blank"">(TSLA.O)</a> on Saturday reported record electric vehicle deliveries for the first quarter, but its production fell from the previous quarter as supply chain disruptions and a China …",https://www.reuters.com/business/autos-transportation/tesla-delivers-record-vehicles-q1-beats-analysts-estimates-2022-04-02/,https://www.reuters.com/resizer/fOfKNB_8_GX7K6aQysr4tdeu9-8=/1200x628/smart/filters:quality(80)/cloudfront-us-east-2.images.arcpublishing.com/reuters/RCJZUI3APROEHPCAJEHXSP2664.jpg,2022-04-02T16:20:00Z,"April 2 (Reuters) - Tesla Inc (TSLA.O) on Saturday reported record electric vehicle deliveries for the first quarter, but its production fell from the previous quarter as supply chain disruptions and… [+1345 chars]",Reuters
22,,Tesla extends Shanghai plant suspension amid lockdown -internal notice - Reuters.com,"Tesla <a href=""https://www.reuters.com/companies/TSLA.O"" target=""_blank"">(TSLA.O)</a> is extending a production halt at its Shanghai factory for at least one day, an internal notice seen by Reuters showed.",https://www.reuters.com/business/autos-transportation/tesla-extends-shanghai-plant-suspension-amid-lockdown-internal-notice-2022-03-31/,https://www.reuters.com/resizer/K0m04dztikZ5bZzBEUvXjdEeXIo=/1200x628/smart/filters:quality(80)/cloudfront-us-east-2.images.arcpublishing.com/reuters/KFDWY3LTTVICVBDJKNPGOTM2RY.jpg,2022-03-31T08:17:00Z,"SHANGHAI, March 31 (Reuters) - Tesla (TSLA.O) is extending a production halt at its Shanghai factory for at least one day, an internal notice seen by Reuters showed.
The Shanghai factory, located in… [+1405 chars]",Reuters
23,,"Futures inch higher as oil eases, Tesla gains - Reuters.com","U.S. stock index futures inched higher on Monday as oil prices slid and investors remained hopeful about progress in the Russia-Ukraine peace talks, while Tesla shares jumped after the company sought investor approval for a stock split.",https://www.reuters.com/business/futures-inch-higher-oil-eases-tesla-gains-2022-03-28/,https://www.reuters.com/resizer/dgiPgD_GXCDQZAKwK7634X8JjRk=/1200x628/smart/filters:quality(80)/cloudfront-us-east-2.images.arcpublishing.com/reuters/NA5EATQ5OBIVXIZ3PLQDJAIWXQ.jpg,2022-03-28T12:04:00Z,"March 28 (Reuters) - U.S. stock index futures inched higher on Monday as oil prices slid and investors remained hopeful about progress in the Russia-Ukraine peace talks, while Tesla shares jumped aft… [+2040 chars]",Reuters
24,,Tesla to open Texas factory critical to growth ambitions - Reuters,"Tesla Inc <a href=""https://www.reuters.com/companies/TSLA.O"" target=""_blank"">(TSLA.O)</a> will on Thursday hold an event to mark the opening of its $1.1 billion factory in Texas, which will help ramp up production of electric vehicles and batteries critical t…",https://www.reuters.com/business/autos-transportation/tesla-open-texas-factory-critical-growth-ambitions-2022-04-07/,https://www.reuters.com/resizer/sYiSlRQ5OMVFMues8N7bTnK3SPo=/1200x628/smart/filters:quality(80)/cloudfront-us-east-2.images.arcpublishing.com/reuters/TFZW5373QJLFVITYN2LM5QEUVU.jpg,2022-04-07T13:05:00Z,"SAN FRANCISCO, April 7 (Reuters) - Tesla Inc (TSLA.O) will on Thursday hold an event to mark the opening of its $1.1 billion factory in Texas, which will help ramp up production of electric vehicles … [+2971 chars]",Reuters
25,,Tesla adds to wave of megacap stock splits - Reuters,"Tesla's <a href=""https://www.reuters.com/companies/TSLA.O"" target=""_blank"">(TSLA.O)</a> announcement on Monday that it will seek shareholder approval to increase its share count in order to enable a stock split adds to a recent wave of megacap companies split…",https://www.reuters.com/business/autos-transportation/tesla-adds-wave-megacap-stock-splits-2022-03-28/,https://www.reuters.com/resizer/LXEwaf1X8dH35zJ7wS9fzLaQNt8=/1200x628/smart/filters:quality(80)/cloudfront-us-east-2.images.arcpublishing.com/reuters/A6J47YM3RVOCXMNQDC453GF5VU.jpg,2022-03-28T19:36:00Z,March 28 (Reuters) - Tesla's (TSLA.O) announcement on Monday that it will seek shareholder approval to increase its share count in order to enable a stock split adds to a recent wave of megacap compa… [+2588 chars],Reuters
26,Reuters Editorial,Tesla to seek shareholder approval for stock split - Reuters.com,"Tesla will seek investor approval to increase its number of shares to enable a stock split in the form of a dividend, the electric-car maker said on Monday, sending its shares up about 5%. This report produced by Jonah Green.",https://www.reuters.com/video/watch/idOV798528032022RP1,https://static.reuters.com/resources/r/?d=20220328&i=OV798528032022RP1&r=OV798528032022RP1&t=2,2022-03-28T17:24:04Z,"Posted 
Tesla will seek investor approval to increase its number of shares to enable a stock split in the form of a dividend, the electric-car maker said on Monday, sending its shares up about 5%. T… [+34 chars]",Reuters
27,Amanda Breen,Elon Musk Opens New Tesla Factory as the Company Struggles to Keep Up With Demand,Covid-19 continues to pose production challenges for Tesla.,https://www.entrepreneur.com/article/422827,https://assets.entrepreneur.com/content/3x2/2000/1647962065-GettyImages-491956836.jpg,2022-03-22T15:00:00Z,"Some good news came today for those waiting on Tesla to fulfill their Model Y and Model 3 orders: Elon Musk will officially open his electric-vehicle maker's first factory in Europe on Tuesday, per a… [+1992 chars]",Entrepreneur
28,Emily Rella,Elon Musk Offers to Buy Twitter for $43 Billion: 'It's a High Price and Your Shareholders Will Love It',The Tesla CEO shared a new SEC filing via Twitter early Thursday morning.,https://www.entrepreneur.com/article/424797,https://assets.entrepreneur.com/content/3x2/2000/1649947331-GettyImages-1238365926.jpg,2022-04-14T13:20:00Z,What started as friendly banter that seemed to turn into a lucrative and cohesive partnership between Elon Musk and Twitter has now become a hostile clash of power that just took another pricey turn.… [+4086 chars],Entrepreneur
29,Emily Rella,Tesla Has Reportedly Been Using Bots Since 2013 to Manipulate Stock Prices,"New research finds that Twitter bots have long been cheerleading for Tesla, but to what end?",https://www.entrepreneur.com/article/424590,https://assets.entrepreneur.com/content/3x2/2000/1649784963-GettyImages-493893234.jpg,2022-04-12T17:36:35Z,"One of the most controversial facets of social media is how much influence a single user can have on how people view real-world happenings. On Twitter in particular, the surge of trending topics and … [+2544 chars]",Entrepreneur
30,Reuters in New York,Elon Musk reports testing positive for Covid-19 for second time,"‘I supposedly have it again (sigh), but almost no symptoms,’ Tesla and SpaceX billionaire tweetsElon Musk said on Monday he had “supposedly” tested positive for Covid-19, with no major symptoms.“I supposedly have it again (sigh), but almost no symptoms,” the …",https://amp.theguardian.com/technology/2022/mar/28/elon-musk-covid-19-positive-test-second-time,https://i.guim.co.uk/img/media/6b63c7b4e1a6bc60c86336963f8282f41a196fa0/0_47_3000_1800/master/3000.jpg?width=1200&height=630&quality=85&auto=format&fit=crop&overlay-align=bottom%2Cleft&overlay-width=100p&overlay-base64=L2ltZy9zdGF0aWMvb3ZlcmxheXMvdGctZGVmYXVsdC5wbmc&enable=upscale&s=f340718aaf5a6b1743c2cb3051740ee0,2022-03-28T12:10:12Z,"Elon Musk said on Monday he had supposedly tested positive for Covid-19, with no major symptoms.
I supposedly have it again (sigh), but almost no symptoms, the Tesla and SpaceX billionaire said in a… [+1482 chars]",The Guardian
31,,Paris taxi driver files lawsuit against Tesla after fatal crash - Reuters.com,"A Paris taxi driver whose Tesla Model 3 crashed in December, killing one person, has filed a legal complaint against the U.S. carmaker, his lawyer said on Sunday.",https://www.reuters.com/world/europe/paris-taxi-driver-files-lawsuit-against-tesla-after-fatal-crash-2022-03-20/,https://www.reuters.com/resizer/1YPN8whLeYci7zCxj5IlK6ddZHQ=/1200x628/smart/filters:quality(80)/cloudfront-us-east-2.images.arcpublishing.com/reuters/6YNM2OSRNJK73GNWRK5TNKJ5YE.jpg,2022-03-20T15:02:00Z,"PARIS, March 20 (Reuters) - A Paris taxi driver whose Tesla Model 3 crashed in December, killing one person, has filed a legal complaint against the U.S. carmaker, his lawyer said on Sunday.
The Fre… [+1795 chars]",Reuters
32,Ramishah Maruf,Elon Musk's latest court filing against the SEC quotes Eminem,Elon Musk's ongoing legal battle with the Securities and Exchange Commission has a new player — rapper Eminem.,https://www.cnn.com/2022/04/03/business/elon-musk-eminem-lawyer-sec/index.html,"https://media.cnn.com/api/v1/images/stellar/prod/220403111155-elon-musk-file-021022.jpg?c=16x9&q=w_800,c_fill",2022-04-03T16:25:39Z,"Elon Musks ongoing legal battle with the Securities and Exchange Commission has a new player rapper Eminem. 
Musks lawyer, Alex Spiro, quoted Eminems 2002 song Without Me in the latest effort to ove… [+1505 chars]",CNN
33,Steven Loveday,Tesla's 4680 Cells & Structural Pack Revealed At Cyber Rodeo - InsideEVs,"<ol><li>Tesla's 4680 Cells & Structural Pack Revealed At Cyber Rodeo  InsideEVs 
</li><li>Musk says Tesla will build vehicle designed to be a robotaxi - Business News  Castanet.net
</li><li>Tesla CEO Musk stresses scaling up, teases dedicated robotaxi, Cybe…",https://insideevs.com/news/578801/tesla-structural-pack-4680-cells-unveiled-cyber-rodeo/,https://cdn.motor1.com/images/mgl/rxZmx/s1/tesla-4680-battery-cells---pilot-production-quelle-https-insideevs.com-news-522636-tesla-4680-cells-substantial-progress.jpg,2022-04-08T14:52:00Z,"While Tesla CEO Elon Musk did reveal a few juicy bits of information at Tesla's Cyber Rodeo delivery party last evening, there wasn't a whole lot of ""new material,"" and future plans, details, and dat… [+2272 chars]",InsideEVs 
34,,Inside China's electric drive for swappable car batteries - Reuters.com,"A year ago Tesla dismissed the alternative path of electric car battery swapping as ""riddled with problems and not suitable for widescale use"". It seems Beijing disagrees.",https://www.reuters.com/business/autos-transportation/inside-chinas-electric-drive-swappable-car-batteries-2022-03-24/,https://www.reuters.com/resizer/ge55Rkuk34vp8_XeuT3jG8-Y6CQ=/1200x628/smart/filters:quality(80)/cloudfront-us-east-2.images.arcpublishing.com/reuters/WBVYGERVU5OHVPPTXJV3JCOHZA.jpg,2022-03-24T23:11:00Z,"DETROIT/BEIJING, March 25 (Reuters) - A year ago Tesla dismissed the alternative path of electric car battery swapping as ""riddled with problems and not suitable for widescale use"". It seems Beijing … [+8993 chars]",Reuters
35,Eduardo Scheffler Zawadzki,"Elon Musk speaks again about the Optiums robot: ""No Terminator-style stuff""",The Tesla Bot is one of the company's most ambitious projects and also the one that draws the most attention.,https://www.entrepreneur.com/article/424311,https://assets.entrepreneur.com/content/3x2/2000/1649429039-GettyImages-1239825668.jpg,2022-04-08T14:51:00Z,"Is it time to review Isaac Asimov's laws of robotics? After listening to Elon Musk one confirms yes. The CEO of Tesla , SpaceX and now the majority owner of Twitter , it is impossible not to be surpr… [+2088 chars]",Entrepreneur
36,Andrei Nedelea,Tesla Cybertruck Shown At Giga Texas Cyber Rodeo With New Features - InsideEVs,"<ol><li>Tesla Cybertruck Shown At Giga Texas Cyber Rodeo With New Features  InsideEVs 
</li><li>Musk says Tesla will build vehicle designed to be a robotaxi - Business News  Castanet.net
</li><li>Tesla's new-look Cybertruck appears at Texas party  CTV News…",https://insideevs.com/news/578749/tesla-cybertruck-prototype-giga-texas-rodeo/,https://cdn.motor1.com/images/mgl/6Zpk0E/s1/cybertruck-texas.jpg,2022-04-08T11:47:00Z,"Tesla organized an event at its new Giga Texas plant called Cyber Rodeo where among other things it showed off the latest version of the Cybertruck, which featured some changes and improvements since… [+1832 chars]",InsideEVs 
37,,"Tesla recalls 947 U.S. vehicles over delay in rearview image display, NHTSA says - Reuters","Tesla Inc is recalling 947 vehicles in the United States because the rearview image may not immediately display when they begin to reverse, the National Highway Traffic Safety Administration (NHTSA) said.",https://www.reuters.com/business/autos-transportation/tesla-recalls-947-us-vehicles-over-delay-rearview-image-display-nhtsa-says-2022-03-25/,https://www.reuters.com/resizer/yqLnHhaSLMvZX69cbWACjM04J8g=/1200x628/smart/filters:quality(80)/cloudfront-us-east-2.images.arcpublishing.com/reuters/H3VY2VGPMNOUTORKSBQLB564XQ.jpg,2022-03-25T11:59:00Z,"WASHINGTON, March 25 (Reuters) - Tesla Inc is recalling 947 vehicles in the United States because the rearview image may not immediately display when they begin to reverse, the National Highway Traff… [+1665 chars]",Reuters
38,Entrepreneur Staff,Elon Musk Reveals the Color That Is 'Very Special' to Him,The Tesla CEO spoke about his philosophy on what makes a color move you.,https://www.entrepreneur.com/article/423125,https://assets.entrepreneur.com/content/3x2/2000/1648215083-GettyImages-1228322928.jpg,2022-03-25T13:40:24Z,"When Elon Musk was a kid, we're guessing he took a long time to decide which color crayon he'd pull out of that Crayola 64 megapack. 
ODD ANDERSEN | Getty Images
When discussing the first update on… [+1902 chars]",Entrepreneur
39,Andrew J. Hawkins,"Uber’s annual product event will focus on travel, sustainability",Uber’s annual product event will be held on May 16th. The company plans on making announcements related to travel and sustainability.,https://www.theverge.com/2022/3/31/23005307/uber-go-get-2022-product-event-date,https://cdn.vox-cdn.com/thumbor/HHiAGb2BBAeewprURfm0DeM1d6k=/0x146:2040x1214/fit-in/1200x630/cdn.vox-cdn.com/uploads/chorus_asset/file/13175209/acastro_180927_1777_uber_0002.jpg,2022-03-31T20:52:27Z,"Illustration by Alex Castro / The Verge

 

 Uber will hold its annual product event on May 16th, during which the company will showcase new products, updates, and features focused on travel and sus… [+1823 chars]",The Verge
40,Verge Staff,What else could Elon Musk buy for $43 billion?,"After Elon Musk, the world’s wealthiest man, offered to take Twitter private for roughly $43 billion, The Verge staff wondered what else he could buy with that kind of cash.",https://www.theverge.com/2022/4/14/23025330/elon-musk-twitter-offer-43-billion,https://cdn.vox-cdn.com/thumbor/bIKZRfIFBMCZY0KmkOwbBoitvBA=/0x0:2040x1068/fit-in/1200x630/cdn.vox-cdn.com/uploads/chorus_asset/file/15971132/elon_musk_tesla_3225.jpg,2022-04-14T17:59:39Z,"Photo by Sean O’Kane / The Verge

 

 This morning, Elon Musk, the current wealthiest man in the world, offered to buy Twitter outright for $43 billion and take the company private. That is quite a … [+8251 chars]",The Verge
41,Emme Hall,"Ford F-150 Lightning vs. Tesla, Chevy, GMC and Rivian: Electric Pickup Truck Specs Compared - Roadshow","Here's how Ford's new electric F-Series truck stacks up against the Tesla Cybertruck, Chevy Silverado EV, GMC Hummer EV and the Rivian R1T.",https://www.cnet.com/roadshow/news/ford-f150-lightning-spec-comparison-tesla-cybertruck-silverado-hummer-rivian/,https://www.cnet.com/a/img/resize/0bed793a8960648f75d891087c7b5f6dfffbb1f1/2021/05/19/300c7e4b-9516-4ebc-8482-e7e525074d3c/ogi1-2022-ford-f150-lightning-006.jpg?auto=webp&fit=crop&height=630&width=1200,2022-03-28T11:00:00Z,"Ford's 2023 F-150 Lightning might just have the goods to dramatically change America's EV landscape.
Ford
America's best-selling vehicle is about to be available as an EV, friends. Yep, the all-ele… [+10622 chars]",CNET
42,cdechalus@businessinsider.com (Camila DeChalus),Nancy Pelosi's husband just bought $2.2 million worth of Tesla stock,Paul Pelosi bought $2.2 million worth of Tesla stocks amid debates on Capitol Hill on whether lawmakers and their spouses should trade individual stocks.,https://www.businessinsider.com/nancy-pelosi-tesla-stock-congress-2022-3,https://i.insider.com/623b9f55ce16b60018edf657?width=1200&format=jpeg,2022-03-23T22:25:06Z,"Paul Pelosi, the husband of Democratic House Speaker Nancy Pelosi, purchased nearly $2.2 million worth of Tesla stock on March 17, according to a new congressional financial disclosure.
Pelosi's hus… [+3040 chars]",Business Insider
43,"stabahriti@insider.com (Sam Tabahriti,Zahra Tayeb)",Elon Musk says he finds it fascinating to read books about war to ensure civilization does 'not repeat the mistakes of the past',"Tesla and SpaceX CEO Elon Musk recently discussed his favorite reading material and how it helps him ""learn the lessons of history.""",https://www.businessinsider.com/elon-musk-war-history-books-ensure-civilization-2022-3,https://i.insider.com/611f758c0fbf9e0018e888bd?width=1200&format=jpeg,2022-03-27T12:47:59Z,"Elon Musk says he is fascinated by warfare and history books in general, adding the lesson taken from books is to ensure we don't repeat history. 
In an interview with Mathias Döpfner, the CEO of In… [+2333 chars]",Business Insider
44,tlevin@insider.com (Tim Levin),"Tesla to open its new car factory in Austin, Texas, with 'Cyber Rodeo' party",Tesla's second car factory in the US opens on Thursday. Elon Musk is marking the occasion with an invite-only party.,https://www.businessinsider.com/tesla-elon-musk-gigafactory-texas-cyber-rodeo-2022-4,https://i.insider.com/624f12771096d50018d1eddc?width=1200&format=jpeg,2022-04-07T17:19:31Z,"Tesla will mark the opening of its new car factory in Austin, Texas, with an event called ""Cyber Rodeo"" on Thursday. 
The plant, which Tesla calls Gigafactory Texas, should help the automaker keep p… [+1348 chars]",Business Insider
45,msmash,Musk Reveals Plan To Scale Tesla To 'Extreme Size',"Elon Musk signaled plans to scale Tesla to the ""extreme"" while teasing the release of Tesla's ""Master Plan Part 3"" on Twitter one day before opening the automaker's first European factory. From a report: On Monday, Musk revealed on Twitter the themes that wil…",https://tech.slashdot.org/story/22/03/21/1752210/musk-reveals-plan-to-scale-tesla-to-extreme-size,https://a.fsdn.com/sd/topics/transportation_64.png,2022-03-21T18:05:00Z,"An article of several paragraphs describing a tweet that lists a topic containing several sections.
But, no actual ""plans"". Just planning to have a plan.
Man, you can't even buy PR like that.",Slashdot.org
46,insider@insider.com (Isobel Asher Hamilton),Tesla's Berlin Gigafactory is finally shipping out cars after a 265-day delay,Tesla's Grünheide factory was supposed to open in July 2021 but was delayed by permitting issues and protests from local environmentalists.,https://www.businessinsider.com/tesla-germany-berlin-gigafactory-ships-cars-265-day-delay-2022-3,https://i.insider.com/62399756d199330018a371ad?width=1200&format=jpeg,2022-03-22T10:16:01Z,"Tesla's German Gigafactory started handing over cars to customers Tuesday after nearly nine months of delay.
The Berlin-Brandenburg factory, which is located in the town of Grünheide near Berlin, wa… [+1564 chars]",Business Insider
47,Sam Quirke,Tesla (NASDAQ: TSLA) Sets Off On A Fresh Rally,"They say you can’t keep a good stock down, and while the debate is still ongoing with regards to if Tesla (NASDAQ: TSLA) is a good stock or not, one...",https://www.marketbeat.com/originals/tesla-nasdaq-tsla-sets-off-on-a-fresh-rally/,https://assets.entrepreneur.com/providers/marketbeat/hero-image-marketbeat-422925.jpeg,2022-03-23T14:00:00Z,"They say you cant keep a good stock down, and while the debate is still ongoing with regards to if Tesla (NASDAQ: TSLA) is a good stock or not, one thing is for sure; it certainly cant be kept down l… [+4075 chars]",MarketBeat
48,,No current talks with Tesla about potential union vote -UAW president - Reuters.com,"United Auto Workers (UAW) President Ray Curry said on Tuesday he has had no discussions with Tesla <a href=""https://www.reuters.com/companies/TSLA.O"" target=""_blank"">(TSLA.O)</a> or its Chief Executive Elon Musk about a potential union vote by workers at the …",https://www.reuters.com/business/autos-transportation/no-current-talks-with-tesla-about-potential-union-vote-uaw-president-2022-03-29/,https://www.reuters.com/resizer/_68U9kUVFqnQIuyyvwpBtNqmWOU=/1200x628/smart/filters:quality(80)/cloudfront-us-east-2.images.arcpublishing.com/reuters/4RO5A3GUZFODHBXYQZDA732INM.jpg,2022-03-29T20:52:00Z,March 29 (Reuters) - United Auto Workers (UAW) President Ray Curry said on Tuesday he has had no discussions with Tesla (TSLA.O) or its Chief Executive Elon Musk about a potential union vote by worke… [+1606 chars],Reuters
49,,"LG plans to build battery factory in Arizona to supply Tesla, others- sources - Reuters","South Korea's LG Energy Solution <a href=""https://www.reuters.com/companies/373220.KS"" target=""_blank"">(373220.KS)</a> plans to build a battery factory in Arizona to supply to Tesla <a href=""https://www.reuters.com/companies/TSLA.O"" target=""_blank"">(TSLA.O)</…",https://www.reuters.com/technology/lg-plans-build-battery-factory-arizona-supply-tesla-others-sources-2022-03-23/,https://www.reuters.com/resizer/o7T9PRr7OqRNqljSkbDMjUUTVXs=/1200x628/smart/filters:quality(80)/cloudfront-us-east-2.images.arcpublishing.com/reuters/6JNU6OFK5FJZTJDFFEBY62EW6I.jpg,2022-03-23T19:59:00Z,"SAN FRANCISCO, March 23 (Reuters) - South Korea's LG Energy Solution (373220.KS) plans to build a battery factory in Arizona to supply to Tesla (TSLA.O) and other customers, two persons familiar with… [+2197 chars]",Reuters
50,,Breakingviews - Musk fully cashes in on Twitter hype - Reuters.com,"Twitter <a href=""https://www.reuters.com/companies/TWTR.N"" target=""_blank"">(TWTR.N)</a> hasn’t wasted time. After Tesla <a href=""https://www.reuters.com/companies/TSLA.O"" target=""_blank"">(TSLA.O)</a> Chief Executive Elon Musk disclosed a 9% stake in the rough…",https://www.reuters.com/breakingviews/musk-fully-cashes-twitter-hype-2022-04-05/,https://www.reuters.com/resizer/ovSeqrx8AKrAw-9l6uMAPRyAm_4=/1200x628/smart/filters:quality(80)/cloudfront-us-east-2.images.arcpublishing.com/reuters/DAHKBTTSWJIVVPOUQ6F5WQ4RTA.jpg,2022-04-05T17:09:00Z,"NEW YORK, April 5 (Reuters Breakingviews) - Twitter (TWTR.N) hasnt wasted time. After Tesla (TSLA.O) Chief Executive Elon Musk disclosed a 9% stake in the roughly $41 billion social media company on … [+3742 chars]",Reuters
51,Eric Loveday,Watch It Live Right Here: Tesla Cyber Rodeo Event At Giga Texas - InsideEVs,"<ol><li>Watch It Live Right Here: Tesla Cyber Rodeo Event At Giga Texas  InsideEVs 
</li><li>Elon Musk celebrates opening of Tesla gigafactory at 'Cyber Rodeo' in Texas  Yahoo Finance
</li><li>Elon Musk’s talk at Tesla Giga Texas Cyber Rodeo: updates and de…",https://insideevs.com/news/578620/tesla-cyber-rodeo-livestream/,https://cdn.motor1.com/images/mgl/W81Vz6/s1/maxresdefault.jpg,2022-04-07T22:14:00Z,"The livestream of Tesla's much-anticipated Cyber Rodeo event to celebrate the opening of Giga Texas can be viewed live here starting at 10 PM Eastern on April 7, 2022.
This evening, Tesla is hosting… [+565 chars]",InsideEVs 
52,,Elon Musk invokes rapper Eminem in opposing SEC decree - Reuters.com,"Elon Musk on Tuesday likened himself to the rapper Eminem in seeking to throw out his 2018 agreement with the top U.S. securities regulator requiring the Tesla Inc <a href=""https://www.reuters.com/companies/TSLA.O"" target=""_blank"">(TSLA.O)</a> chief executive…",https://www.reuters.com/business/elon-musk-invokes-rapper-eminem-opposing-sec-decree-2022-03-29/,https://www.reuters.com/resizer/N8wuXRJ9eeOlFWpQse-IuiFs948=/1200x628/smart/filters:quality(80)/cloudfront-us-east-2.images.arcpublishing.com/reuters/I6YV3AVSCNLPNIMBBYMRADNXKI.jpg,2022-03-29T14:12:00Z,"NEW YORK, March 29 (Reuters) - Elon Musk on Tuesday likened himself to the rapper Eminem in seeking to throw out his 2018 agreement with the top U.S. securities regulator requiring the Tesla Inc (TSL… [+2079 chars]",Reuters
53,,Musk says he has 'supposedly' tested positive for COVID again - Reuters.com,"Tesla Inc <a href=""https://www.reuters.com/companies/TSLA.O"" target=""_blank"">(TSLA.O)</a> Chief Executive Officer Elon Musk said on Monday that he had ""supposedly"" tested positive for COVID-19, with no major symptoms.",https://www.reuters.com/world/musk-says-he-has-supposedly-tested-positive-covid-again-2022-03-28/,https://www.reuters.com/resizer/d7nFLlGGhW60-dSPl3jorHY_pAU=/1200x628/smart/filters:quality(80)/cloudfront-us-east-2.images.arcpublishing.com/reuters/GLKFLEAN6FPPZASXT2IE6QAC4A.jpg,2022-03-28T08:55:00Z,"March 28 (Reuters) - Tesla Inc (TSLA.O) Chief Executive Officer Elon Musk said on Monday that he had ""supposedly"" tested positive for COVID-19, with no major symptoms.
""I supposedly have it again (s… [+826 chars]",Reuters
54,Reuters Editorial,"Musk reveals 9.2% stake in Twitter, shares surge - Reuters.com","Tesla Chief Executive Officer Elon Musk has revealed a 9.2% stake in Twitter a regulatory filing showed on Monday (April 4), likely making him the biggest stakeholder in the micro-blogging site. Francis Maguire reports.",https://www.reuters.com/video/watch/idOV943204042022RP1,https://static.reuters.com/resources/r/?d=20220404&i=OV943204042022RP1&r=OV943204042022RP1&t=2,2022-04-04T13:59:15Z,"Posted 
Tesla Chief Executive Officer Elon Musk has revealed a 9.2% stake in Twitter a regulatory filing showed on Monday (April 4), likely making him the biggest stakeholder in the micro-blogging s… [+28 chars]",Reuters
55,Maria Merano,"Elon Musk excited for Tesla Giga Berlin’s first deliveries, Federal Minister shows pride in factory - Teslarati","<ol><li>Elon Musk excited for Tesla Giga Berlin’s first deliveries, Federal Minister shows pride in factory  Teslarati
</li><li>Elon Musk Takes a Trip That Doesn't Bode Well for Tesla's Rivals  TheStreet
</li><li>Elon Musk heads to Berlin gigafactory openin…",https://www.teslarati.com/tesla-giga-berlin-elon-musk-first-model-y-deliveries/,https://www.teslarati.com/wp-content/uploads/2022/03/tesla-giga-berlin-elon-musk-first-model-y-deliveries1-1024x470.jpg,2022-03-22T02:04:48Z,"It’s just a few hours away until Tesla Giga Berlin’s first Model Y delivery event, and Elon Musk seems excited to get the ball rolling. The Tesla CEO has been tweeting about Tesla Giga Berlin and the… [+2260 chars]",Teslarati
56,Reuters Editorial,BVTV: Musk at Twitter - Reuters.com,"Twitter’s market value has increased by $10 bln in less than two days, thanks to the presence of Tesla Chief Executive Elon Musk. Robert Cyran explains why investors are buying too much into the hype.",https://www.reuters.com/video/watch/idRCV00AX5X,https://static.reuters.com/resources/r/?d=20220405&i=RCV00AX5X&r=RCV00AX5X&t=2,2022-04-05T21:13:58Z,"Posted 
Twitters market value has increased by $10 bln in less than two days, thanks to the presence of Tesla Chief Executive Elon Musk. Robert Cyran explains why investors are buying too much into … [+8 chars]",Reuters
57,Reuters Editorial,Twitter to name top shareholder Musk to board - Reuters.com,"Twitter said on Tuesday (April 4) it would name top shareholder and Tesla boss Elon Musk to its board, a day after the billionaire disclosed a 9.2% stake in the social media company.",https://www.reuters.com/video/watch/idRCV00AX3Y,https://static.reuters.com/resources/r/?d=20220405&i=RCV00AX3Y&r=RCV00AX3Y&t=2,2022-04-05T15:42:34Z,"Posted 
Twitter said on Tuesday (April 4) it would name top shareholder and Tesla boss Elon Musk to its board, a day after the billionaire disclosed a 9.2% stake in the social media company.",Reuters
58,,Tesla to ask shareholders to vote on authorizing more shares - Reuters.com,"Tesla Inc <a href=""https://www.reuters.com/companies/TSLA.O"" target=""_blank"">(TSLA.O)</a> said on Monday it would ask shareholders to vote at its annual meeting to increase the number of additional shares in order to enable a stock split.",https://www.reuters.com/business/autos-transportation/tesla-ask-shareholders-vote-authorizing-more-shares-2022-03-28/,https://www.reuters.com/resizer/_68U9kUVFqnQIuyyvwpBtNqmWOU=/1200x628/smart/filters:quality(80)/cloudfront-us-east-2.images.arcpublishing.com/reuters/4RO5A3GUZFODHBXYQZDA732INM.jpg,2022-03-28T10:28:00Z,"March 28 (Reuters) - Tesla Inc (TSLA.O) said on Monday it would ask shareholders to vote at its annual meeting to increase the number of additional shares in order to enable a stock split.
The Austi… [+783 chars]",Reuters
59,,Elon Musk giving 'serious thought' to build a new social media platform - Reuters,"Tesla Inc <a href=""https://www.reuters.com/companies/TSLA.O"" target=""_blank"">(TSLA.O)</a> Chief Executive Officer Elon Musk is giving ""serious thought"" to building a new social media platform, the billionaire said in a tweet on Saturday.",https://www.reuters.com/technology/elon-musk-giving-serious-thought-build-new-social-media-platform-2022-03-27/,https://www.reuters.com/resizer/gEJTe3YDnNaPupxk6huL2MeurZ4=/1200x628/smart/filters:quality(80)/cloudfront-us-east-2.images.arcpublishing.com/reuters/W4FEET4DMFOY7A65E4ECZ4FL4U.jpg,2022-03-27T04:47:00Z,"March 27 (Reuters) - Tesla Inc (TSLA.O) Chief Executive Officer Elon Musk is giving ""serious thought"" to building a new social media platform, the billionaire said in a tweet on Saturday.
Musk was r… [+1530 chars]",Reuters
60,,Tesla hands over first Model Ys as German gigafactory finally goes live - Reuters.com,"Tesla will on Tuesday hand the first Model Y cars made at its 5 billion euro ($5.5 billion) Gruenheide plant to clients, launching its first European production hub with the biggest investment in a German car factory in recent history.",https://www.reuters.com/business/autos-transportation/tesla-hands-over-first-model-ys-german-gigafactory-finally-goes-live-2022-03-22/,https://www.reuters.com/resizer/NyrlgmZi_GiGjfYbsBgEMDdxaQg=/1200x628/smart/filters:quality(80)/cloudfront-us-east-2.images.arcpublishing.com/reuters/AANLVH3ITRILVLVLCY5DXP466Y.jpg,2022-03-22T06:09:00Z,"BERLIN, March 22 (Reuters) - Tesla will on Tuesday hand the first Model Y cars made at its 5 billion euro ($5.5 billion) Gruenheide plant to clients, launching its first European production hub with … [+2562 chars]",Reuters
61,,Ark's Wood remains bullish on Tesla as U.S. recession fears rise - Reuters,Star stock picker Cathie Wood of Ark Invest remained bullish on top holding Tesla Inc on Tuesday despite growing fears of a U.S. recession and shutdowns of the car maker's Shanghai factory due to spiking coronavirus cases.,https://www.reuters.com/technology/arks-wood-remains-bullish-tesla-us-recession-fears-rise-2022-04-12/,https://www.reuters.com/resizer/wogSbbVYYKQNrwitTYPA-9D0JM8=/1200x628/smart/filters:quality(80)/cloudfront-us-east-2.images.arcpublishing.com/reuters/U4QNQBCFYNPRLARIPCRHK3NIUU.jpg,2022-04-12T18:44:00Z,"NEW YORK, April 12 (Reuters) - Star stock picker Cathie Wood of Ark Invest remained bullish on top holding Tesla Inc on Tuesday despite growing fears of a U.S. recession and shutdowns of the car make… [+1492 chars]",Reuters
62,Shannon Bond,Elon Musk says he will not join the Twitter board after all,The social media company said the billionaire Tesla CEO changed his mind about accepting a board seat after becoming Twitter's biggest shareholder.,https://www.npr.org/2022/04/11/1091969075/elon-musk-will-not-join-twitter-board,https://media.npr.org/assets/img/2022/04/11/musk.getty_wide-2191cfdbbac9c68d27cc40c19699d5f6deda2614.jpg?s=1400,2022-04-11T05:39:04Z,"Tesla CEO Elon Musk speaks during the official opening of the new Tesla electric car manufacturing plant on March 22, 2022 near Gruenheide, Germany.
Pool/Getty Images
Elon Musk has decided not to j… [+2279 chars]",NPR
63,,Giga-casting and robots: How Volkswagen's Trinity aims to catch up with Tesla - Reuters.com,"As Tesla kicks off production at its new German plant this month, Volkswagen is weeks away from finalising plans for a 2 billion euro ($2.2 billion) electric vehicle (EV) factory that it hopes will bring it up to speed with its U.S. rival.",https://www.reuters.com/business/autos-transportation/giga-casting-robots-how-volkswagens-trinity-aims-catch-up-with-tesla-2022-03-31/,https://www.reuters.com/resizer/J9dEny4W5OIseGalLwIaoEwlmBg=/1200x628/smart/filters:quality(80)/cloudfront-us-east-2.images.arcpublishing.com/reuters/IAJI3GLARZPGHLDYS6IZ42KYUY.jpg,2022-03-31T05:06:00Z,"BERLIN, March 31 (Reuters) - As Tesla kicks off production at its new German plant this month, Volkswagen is weeks away from finalising plans for a 2 billion euro ($2.2 billion) electric vehicle (EV)… [+5544 chars]",Reuters
64,htowey@insider.com (Hannah Towey),"Tesla delivered a record-breaking number of vehicles in the first quarter of 2022, despite supply chain issues and China's zero-COVID policy","""This was an *exceptionally* difficult quarter due to supply chain interruptions & China zero Covid policy,"" Tesla CEO Elon Musk tweeted Saturday.",https://www.businessinsider.com/tesla-delivered-record-breaking-vehicles-in-first-quarter-2022-4,https://i.insider.com/62489d5a82200b001943d52d?width=1200&format=jpeg,2022-04-02T19:23:23Z,"Tesla announced it delivered 310,048 vehicles in the first quarter of 2022, a record-breaking number that comes amid the global supply chain crisis and COVID-related factory closures.
The vast major… [+1385 chars]",Business Insider
65,insider@insider.com (Carla Mozée),"Elon Musk's Twitter moves drove the biggest 2-day push by retail traders into the social media platform on record, research firm says",The Tesla CEO made a splash this week with the announcement of a passive stake that quickly became more active after joining Twitter's board.,https://markets.businessinsider.com/news/stocks/elon-musk-twitter-stock-buying-retail-traders-board-tech-twtr-2022-4,https://i.insider.com/61dd62771025b20018bb1e03?width=1200&format=jpeg,2022-04-06T15:10:28Z,"This week's revelation that billionaire investor Elon Musk has become the largest shareholder in Twitter kicked off the largest buying spree of the company's stock by retail investors, according to t… [+2406 chars]",Business Insider
66,htowey@insider.com (Hannah Towey),"Elon Musk is optimistic on climate, says decarbonization will be achieved through nuclear then solar power","""We will solve the climate issue. It is just a question of when,"" Elon Musk said, adding that it's the ""fundamental goal of Tesla"" to do so.",https://www.businessinsider.com/elon-musk-confident-we-will-solve-climate-issue-2022-3,https://i.insider.com/62406bb3a2e45b0019509642?width=1200&format=jpeg,2022-03-27T14:16:46Z,"Elon Musk is optimistic about Earth's climate future.
""We will solve the climate issue. It is just a question of when,"" he said in a recent interview with Mathias Döpfner, the CEO of Insider's paren… [+1882 chars]",Business Insider
67,Entrepreneur Staff,"According to Elon Musk, man will reach Mars in the year 2029",The owner of Tesla and SpaceX made his prediction by replying to a tweet from an account dedicated to space exploration.,https://www.entrepreneur.com/article/422615,https://assets.entrepreneur.com/content/3x2/2000/1647625249-GettyImages-974732892.jpg,2022-03-18T18:23:00Z,"Telescopes capable of capturing the first light of the universe , huge rockets that are almost ready to take off , manned tests of vehicles to explore the lunar terrain there is no doubt: space explo… [+2290 chars]",Entrepreneur
68,insider@insider.com (Mathias Döpfner),Elon Musk discusses the war in Ukraine and the importance of nuclear power — and why Benjamin Franklin would be 'the most fun at dinner',Tesla CEO Elon Musk spoke with Axel Springer CEO Mathias Döpfner for an interview following the opening of the Gigafactory in Berlin.,https://www.businessinsider.com/elon-musk-interview-axel-springer-tesla-war-in-ukraine-2022-3,https://i.insider.com/623f43eaa2e45b00195090f8?width=1200&format=jpeg,2022-03-26T17:01:30Z,"Mathias Döpfner, the CEO of Insider's parent company, Axel Springer, recently met with Tesla CEO Elon Musk for an interview for Welt Am Sonntag.
The interview took place at Tesla's Gigafactory in Be… [+24332 chars]",Business Insider
69,gkay@insider.com (Grace Kay),Former Tesla board member tells Twitter to 'put on your track shoes now' and prepare to work with Elon Musk,Steve Westly warned Twitter that the company would have to learn to work at Elon Musk's pace after the Tesla CEO joined the board.,https://www.businessinsider.com/former-tesla-board-member-advice-twitter-elon-musk-2022-4,https://i.insider.com/624da0c60e1f410018b7a66d?width=1200&format=jpeg,2022-04-06T20:07:59Z,Former Tesla board member Steve Westly warned Twitter that it would have to learn to work at Elon Musk's pace after the social media company announced on Tuesday that the Tesla CEO had joined its boa… [+2709 chars],Business Insider
70,,Tesla plans to resume production at its Shanghai plant from April 4 - sources - Reuters.com,"Tesla <a href=""https://www.reuters.com/companies/TSLA.O"" target=""_blank"">(TSLA.O)</a> is aiming to resume production at its Shanghai factory from Monday, two sources familiar with the matter said, as it expects to see its first batch of workers released from …",https://www.reuters.com/business/autos-transportation/tesla-plans-resume-production-its-shanghai-plant-april-4-sources-2022-04-03/,https://www.reuters.com/resizer/RffNQodsFFwg8pmoYtkvGkHwURk=/1200x628/smart/filters:quality(80)/cloudfront-us-east-2.images.arcpublishing.com/reuters/MWUDWROTDNIE3AUXVC2QVVS6YE.jpg,2022-04-03T03:16:00Z,"SHANGHAI, April 3 (Reuters) - Tesla (TSLA.O) is aiming to resume production at its Shanghai factory from Monday, two sources familiar with the matter said, as it expects to see its first batch of wor… [+1474 chars]",Reuters
71,ujamal@businessinsider.com (Urooba Jamal),"Tesla's Shanghai Gigafactory will shut down for 4 days after a surge in COVID-19 cases triggered a new wave of restrictions across the city, reports say","Tesla's Shanghai Gigafactory is vital to the electric car maker's output, producing half of all its vehicles last year.",https://www.businessinsider.com/teslas-crucial-shanghai-gigafactory-shut-due-covid-restrictions-2022-3,https://i.insider.com/62419555a2e45b001950a7fd?width=1200&format=jpeg,2022-03-28T12:04:39Z,"Tesla's Shanghai Gigafactory is to temporarily halt production after a surge in COVID-19 cases in the city prompted authorities to implement a new round of lockdowns, according to media reports.
The… [+1868 chars]",Business Insider
72,,Tesla suspends production at Shanghai factory for 4 days to comply with COVID curbs - sources - Reuters,"U.S. automaker Tesla <a href=""https://www.reuters.com/companies/TSLA.O"" target=""_blank"">(TSLA.O)</a> is suspending production at its Shanghai factory for four days after the city announced on Sunday night it would lock down in two stages to carry out mass tes…",https://www.reuters.com/business/autos-transportation/tesla-suspends-production-shanghai-factory-4-days-comply-with-covid-curbs-2022-03-28/,https://www.reuters.com/resizer/RffNQodsFFwg8pmoYtkvGkHwURk=/1200x628/smart/filters:quality(80)/cloudfront-us-east-2.images.arcpublishing.com/reuters/MWUDWROTDNIE3AUXVC2QVVS6YE.jpg,2022-03-28T01:06:00Z,"SHANGHAI, March 28 (Reuters) - U.S. automaker Tesla (TSLA.O) is suspending production at its Shanghai factory for four days after the city announced on Sunday night it would lock down in two stages t… [+406 chars]",Reuters
73,,Tesla restarts production at Shanghai plant after two-day stoppage -sources - Reuters.com,"Tesla <a href=""https://www.reuters.com/companies/TSLA.O"" target=""_blank"">(TSLA.O)</a> resumed production at its Shanghai factory on Friday after a two day suspension, people familiar with the matter said, as movement controls imposed on its workers as part of…",https://www.reuters.com/business/autos-transportation/tesla-restarts-production-shanghai-plant-after-two-day-stoppage-sources-2022-03-18/,https://www.reuters.com/resizer/qVL7DC2O9JSd1_MGH4mWbnOwxao=/1200x628/smart/filters:quality(80)/cloudfront-us-east-2.images.arcpublishing.com/reuters/DIXVOC5HEZOKRORICKM7BY7ZJY.jpg,2022-03-18T02:32:00Z,"SHANGHAI, March 18 (Reuters) - Tesla (TSLA.O) resumed production at its Shanghai factory on Friday after a two day suspension, people familiar with the matter said, as movement controls imposed on it… [+1190 chars]",Reuters
74,,"Tesla to halt Shanghai factory production amid COVID curbs, Bloomberg News reports - Reuters","Tesla Inc <a href=""https://www.reuters.com/companies/TSLA.O"" target=""_blank"">(TSLA.O)</a> is planning to suspend production at its Shanghai factory for at least one day, Bloomberg News reported on Sunday, as China's financial hub said it would go into a lockd…",https://www.reuters.com/business/autos-transportation/tesla-halt-shanghai-factory-production-amid-covid-curbs-bloomberg-news-reports-2022-03-27/,https://www.reuters.com/resizer/RffNQodsFFwg8pmoYtkvGkHwURk=/1200x628/smart/filters:quality(80)/cloudfront-us-east-2.images.arcpublishing.com/reuters/MWUDWROTDNIE3AUXVC2QVVS6YE.jpg,2022-03-27T17:23:00Z,"March 27 (Reuters) - Tesla Inc (TSLA.O) is planning to suspend production at its Shanghai factory for at least one day, Bloomberg News reported on Sunday, as China's financial hub said it would go in… [+901 chars]",Reuters
75,,Toyota joins Tesla in developing self-driving tech with low-cost cameras - Reuters,"Toyota Motor <a href=""https://www.reuters.com/companies/7203.T"" target=""_blank"">(7203.T)</a> unit Woven Planet has joined Tesla Inc <a href=""https://www.reuters.com/companies/TSLA.O"" target=""_blank"">(TSLA.O)</a> in trying to advance self-driving technology wi…",https://www.reuters.com/business/autos-transportation/toyota-joins-tesla-developing-self-driving-tech-with-low-cost-cameras-2022-04-06/,https://www.reuters.com/resizer/xnSh_1lORTCX6FrM9KELYDeIkGU=/1200x628/smart/filters:quality(80)/cloudfront-us-east-2.images.arcpublishing.com/reuters/TI6RBKDJHJKURPOXDXF6BOIVXA.jpg,2022-04-06T15:13:00Z,"San Francisco, April 6 (Reuters) - Toyota Motor (7203.T) unit Woven Planet has joined Tesla Inc (TSLA.O) in trying to advance self-driving technology without expensive sensors such as lidars.
Woven … [+2468 chars]",Reuters
76,,"Tesla, GM, Ford supplier beats display patent claims in Delaware trial - Reuters",A Delaware jury on Wednesday rejected claims that technology made by Aptiv PLC for connecting Apple iPhones to automobile entertainment systems violates patents owned by Microchip Technology Inc.,https://www.reuters.com/legal/transactional/tesla-gm-ford-supplier-beats-display-patent-claims-delaware-trial-2022-04-13/,https://www.reuters.com/resizer/30lZXbV-qhJFt5-jt8upUhYf9bc=/728x381/smart/filters:quality(80)/cloudfront-us-east-2.images.arcpublishing.com/reuters/BJ6YNRNOVBKTHP7LVRQ3MYDYPM.jpg,2022-04-13T21:59:00Z,"<ul><li>
Summary</li><li>
Law firms</li><li>
Related documents</li></ul>
The company and law firm names shown above are generated automatically based on the text of the article. We are improving … [+1864 chars]",Reuters
77,,Build or buy? Automakers chasing Tesla rethink dependence on suppliers - Reuters.com,"Automakers racing to develop battery-powered, software-driven vehicles to compete with Tesla Inc <a href=""https://www.reuters.com/companies/TSLA.O"" target=""_blank"">(TSLA.O)</a> are confronting a new challenge: what technology to build themselves, and what to …",https://www.reuters.com/business/autos-transportation/build-or-buy-automakers-chasing-tesla-rethink-dependence-suppliers-2022-03-31/,https://www.reuters.com/resizer/yfoOUP6R8WJHETi5at0NmA1X3VA=/1200x628/smart/filters:quality(80)/cloudfront-us-east-2.images.arcpublishing.com/reuters/E6CBNWRBL5IMVAAQV52J5WHCFY.jpg,2022-03-31T10:09:00Z,"March 31 (Reuters) - Automakers racing to develop battery-powered, software-driven vehicles to compete with Tesla Inc (TSLA.O) are confronting a new challenge: what technology to build themselves, an… [+6235 chars]",Reuters
78,,Australian state utility picks Tesla batteries to back up renewable energy - Reuters.com,"A state-owned utility in Australia has picked Tesla Inc's <a href=""https://www.reuters.com/companies/TSLA.O"" target=""_blank"">(TSLA.O)</a> Megapack batteries for a A$150 million ($113 million) energy storage project to back up wind and solar power, the state g…",https://www.reuters.com/business/sustainable-business/australian-state-utility-picks-tesla-batteries-back-up-renewable-energy-2022-03-30/,https://www.reuters.com/resizer/syff_fjBALcob4SV9-BESSIrDW8=/1200x628/smart/filters:quality(80)/cloudfront-us-east-2.images.arcpublishing.com/reuters/YNVNNKY5HVP5VPOI4HRPGWLCIA.jpg,2022-03-30T07:38:00Z,"MELBOURNE, March 30 (Reuters) - A state-owned utility in Australia has picked Tesla Inc's (TSLA.O) Megapack batteries for a A$150 million ($113 million) energy storage project to back up wind and sol… [+1235 chars]",Reuters
79,,Tesla looks to resume production at Shanghai plant on April 18 -sources - Reuters,"Tesla <a href=""https://www.reuters.com/companies/TSLA.O"" target=""_blank"">(TSLA.O)</a> is preparing to resume production at its Shanghai plant on Monday following a three-week stoppage, having received the go-ahead from local authorities, two people familiar w…",https://www.reuters.com/business/autos-transportation/tesla-looks-resume-production-shanghai-plant-april-18-sources-2022-04-15/,https://www.reuters.com/resizer/Tw7SUFLsqHM7hAKIvADorvA9I1E=/1200x628/smart/filters:quality(80)/cloudfront-us-east-2.images.arcpublishing.com/reuters/3VXP2VTWRBN3VP3OQHQL26W4NM.jpg,2022-04-15T11:22:00Z,"SHANGHAI, April 15 (Reuters) - Tesla (TSLA.O) is preparing to resume production at its Shanghai plant on Monday following a three-week stoppage, having received the go-ahead from local authorities, t… [+1623 chars]",Reuters
80,,"Tesla, others prepare Shanghai factory restarts as city aims to ease lockdown - Reuters","Manufacturers including Tesla <a href=""https://www.reuters.com/companies/TSLA.O"" target=""_blank"">(TSLA.O)</a> began preparing to reopen their Shanghai factories on Monday, as the city accelerated efforts to exit a COVID-19 lockdown that has forced most busine…",https://www.reuters.com/world/asia-pacific/tesla-others-prepare-shanghai-factory-restarts-city-aims-ease-lockdown-2022-04-18/,https://www.reuters.com/resizer/7y9Gb4zUl5ReySIQSEXLXyHhg0g=/1200x628/smart/filters:quality(80)/cloudfront-us-east-2.images.arcpublishing.com/reuters/F43X2IP2ZRKERGPSIC7CSZY3DE.jpg,2022-04-18T05:06:00Z,"SHANGHAI, April 18 (Reuters) - Manufacturers including Tesla (TSLA.O) began preparing to reopen their Shanghai factories on Monday, as the city accelerated efforts to exit a COVID-19 lockdown that ha… [+4532 chars]",Reuters
81,,"Tesla to recall 127785 Model 3s in China, says market regulator - Reuters","Tesla <a href=""https://www.reuters.com/companies/TSLA.O"" target=""_blank"">(TSLA.O)</a> will recall a total of 127,785 units of Model 3 cars in China, the country's market regulator said on Thursday, for potential faults in semiconductor components that might l…",https://www.reuters.com/legal/litigation/tesla-recall-127785-model-3s-china-says-market-regulator-2022-04-07/,https://www.reuters.com/resizer/UH-NA2D57iUT5wfi4_7XMda9DIE=/728x381/smart/filters:quality(80)/cloudfront-us-east-2.images.arcpublishing.com/reuters/S2WO2H627JNMJI6QZWCUZRI7NE.jpg,2022-04-07T21:35:00Z,"The company and law firm names shown above are generated automatically based on the text of the article. We are improving this feature as we continue to test and develop in beta. We welcome feedback,… [+718 chars]",Reuters
82,,Musk says U.S. SEC 'bastards' forced settlement over Tesla tweets - Reuters,"Tesla Inc <a href=""https://www.reuters.com/companies/TSLA.O"" target=""_blank"">(TSLA.O)</a> CEO Elon Musk on Thursday stepped up criticism of the U.S. securities regulator, calling Securities and Exchange Commission officials ""bastards"" for bringing fraud charg…",https://www.reuters.com/technology/musk-says-us-sec-bastards-forced-settlement-over-tesla-tweets-2022-04-14/,https://www.reuters.com/resizer/LiEm4XyU7gXRHhPqT_DCTEWN0ZQ=/1200x628/smart/filters:quality(80)/cloudfront-us-east-2.images.arcpublishing.com/reuters/T4P5LWFPYBPP5APPSEOA2I2LZA.jpg,2022-04-14T19:34:00Z,"April 14 (Reuters) - Tesla Inc (TSLA.O) CEO Elon Musk on Thursday stepped up criticism of the U.S. securities regulator, calling Securities and Exchange Commission officials ""bastards"" for bringing f… [+2704 chars]",Reuters
83,Aditya Raghunath,Mullen Automotive vs. Tesla: Which Electric Vehicle Stock Is a Better Buy,"Electric vehicle (EV) stocks such as Tesla (TSLA) and Mullen Automotive (MULN) have gained momentum in recent trading sessions. While one is an established company delivering consistent profits, the other...",https://stocknews.com/news/muln-tsla-mullen-automotive-vs-tesla-which-electric-vehicle-stock-is-a/,https://assets.entrepreneur.com/providers/stocknews/hero-image-stocknews-422788.jpeg,2022-03-22T13:04:28Z,"Electric vehicle (EV) stocks such as Tesla (TSLA) and Mullen Automotive (MULN) have gained momentum in recent trading sessions. While one is an established company delivering consistent profits, the … [+4077 chars]",StockNews.com
84,Jason Weisberger,Court filing suggests Elon Musk knew he was misleading people with his tweets claiming to take Tesla private,"A filing on behalf of Tesla shareholders involved in a class-action suit against the company, claiming Tesla's Chief Pedo Guy manipulated the company's stock price with his tweets, appears to have leaked a juicy tidbit: the judge has found Musk ""acted with sc…",https://boingboing.net/2022/04/17/court-filing-suggests-elon-musk-knew-he-was-misleading-people-with-his-tweets-claiming-to-take-tesla-private.html,https://i0.wp.com/boingboing.net/wp-content/uploads/2022/04/103330503_musk3.jpg?fit=976%2C549&ssl=1,2022-04-17T16:50:38Z,"A filing on behalf of Tesla shareholders involved in a class-action suit against the company, claiming Tesla's Chief Pedo Guy manipulated the company's stock price with his tweets, appears to have le… [+853 chars]",Boing Boing
85,Jasper Jolly,Forget Twitter: Elon Musk has his hands full keeping Tesla on the road,"The firm is doing well, but it will have perform amazingly to merit its position as the world’s most valuable carmakerSpare a brief thought for Elon Musk’s bankers and lawyers. One week he is posting earnest polls about freedom of speech on Twitter, and the n…",https://amp.theguardian.com/technology/2022/apr/17/twitter-musk-hands-full-keeping-tesla-1tn-magic-alive,https://i.guim.co.uk/img/media/32a9bedaa422c772605b2372ede6a28a827018c6/0_156_4219_2532/master/4219.jpg?width=1200&height=630&quality=85&auto=format&fit=crop&overlay-align=bottom%2Cleft&overlay-width=100p&overlay-base64=L2ltZy9zdGF0aWMvb3ZlcmxheXMvdG8tZGVmYXVsdC5wbmc&enable=upscale&s=ca4ffc68d7c2fd4f5fd3e182c8f1aa04,2022-04-16T23:05:12Z,"Spare a brief thought for Elon Musks bankers and lawyers. One week he is posting earnest polls about freedom of speech on Twitter, and the next he is spending billions of dollars on a major stake in … [+3397 chars]",The Guardian
86,Alex Hern Technology editor,Elon Musk unveils vision for Twitter after joining its board,"The Tesla boss now has a 9.2% stake in the social network and offers suggestions and criticisms in a series of tweetsElon Musk has set out his vision for Twitter after buying a 9.2% stake in the company, in a series of posts on the social network described by…",https://amp.theguardian.com/technology/2022/apr/10/elon-musk-unveils-vision-for-twitter-after-joining-its-board,https://i.guim.co.uk/img/media/fb8630bec9230586f181f58710e6989b20eeb270/0_143_4626_2776/master/4626.jpg?width=1200&height=630&quality=85&auto=format&fit=crop&overlay-align=bottom%2Cleft&overlay-width=100p&overlay-base64=L2ltZy9zdGF0aWMvb3ZlcmxheXMvdGctZGVmYXVsdC5wbmc&enable=upscale&s=7fb9c5cb3fc9402d1599a893e4ff3d6b,2022-04-10T15:50:20Z,"Elon Musk has set out his vision for Twitter after buying a 9.2% stake in the company, in a series of posts on the social network described by one commentator as having chaos energy.
Since being app… [+3006 chars]",The Guardian
87,Aditya Raghunath,Tesla vs. NIO: Which EV Stock Is a Better Buy In 2022?,"Electric vehicle stocks such as Tesla (TSLA) and NIO (NIO) are trading significantly lower compared to record highs. However, the two companies remain interesting potential investments when looking at their...",https://stocknews.com/news/tsla-nio-tesla-vs-nio-which-ev-stock-is-a-better-buy/,https://assets.entrepreneur.com/providers/stocknews/hero-image-stocknews-423273.jpeg,2022-03-28T16:46:41Z,"Electric vehicle stocks such as Tesla (TSLA) and NIO (NIO) are trading significantly lower compared to record highs. However, the two companies remain interesting potential investments when looking a… [+4555 chars]",StockNews.com
88,Carla Sinclair,Man's Tesla froze while speeding down highway at 83 mph,"A man was stuck behind the wheel of a speeding Tesla as the car's computer froze while driving at 85 mph. The man says all of the controls stopped working — including the turn signal, hazard lights, accelerator, and main screen — while on a highway in Souther…",https://boingboing.net/2022/04/15/mans-tesla-froze-while-speeding-down-highway-at-83-mph.html,https://i0.wp.com/boingboing.net/wp-content/uploads/2022/04/tesla.jpeg?fit=1191%2C731&ssl=1,2022-04-15T19:32:04Z,"A man was stuck behind the wheel of a speeding Tesla as the car's computer froze while driving at 85 mph. The man says all of the controls stopped working including the turn signal, hazard lights, ac… [+1506 chars]",Boing Boing
89,Ioanna Lykiardopoulou,Why Toyota’s camera-only approach to self-driving is a bad idea,"Last May, Tesla stuck the middle finger to the entire auto industry, deeming the use of multiple sensors for autonomous driving functionalities… unnecessary. It ditched radars and initiated a camera-only approach, dubbed “Tesla Vision.” And while we’re used t…",https://thenextweb.com/news/toyotas-camera-only-approach-self-driving-bad-idea,https://img-cdn.tnwcdn.com/image/shift?filter_last=1&fit=1280%2C640&url=https%3A%2F%2Fcdn0.tnwcdn.com%2Fwp-content%2Fblogs.dir%2F1%2Ffiles%2F2022%2F04%2FTOYOTA.jpg&signature=94310f8612786b4bcc8e740aef2d85c6,2022-04-07T18:34:24Z,"Last May, Tesla stuck the middle finger to the entire auto industry, deeming the use of multiple sensors for autonomous driving functionalities unnecessary. It ditched radars and initiated a camera-o… [+2401 chars]",The Next Web
90,Amanda Breen,Mark Cuban Says There's an Ulterior Motive Behind Elon Musk's Twitter Offer,Cuban notes that Musk's offer echoes the tweet that got him in trouble several years ago.,https://www.entrepreneur.com/article/424892,https://assets.entrepreneur.com/content/3x2/2000/1650035130-GettyImages-1239598267.jpg,2022-04-15T15:00:00Z,"Elon Musk's offer to buy Twitter for $54.20 per share and take the company private has dominated headlines in recent days, with some supporting the tech billionaire's attempted takeover and others ra… [+1990 chars]",Entrepreneur
91,Jeremy Knauff,Is Now the Time for Elon Musk to Launch His Own Social Media Platform?,"The outspoken Tesla CEO appears to be readying an alternative to Twitter, which he has critiqued for inhibiting free speech. But is this the right move for the tech billionaire?",https://www.entrepreneur.com/article/423253,https://assets.entrepreneur.com/content/3x2/2000/1648649888-GettyImages-1130611974.jpg,2022-03-30T14:18:31Z,"About a year or so ago, I started to sense that Elon Musk was thinking about launching a social media platform. Then the signs started to become more frequent, and finally last weekend, he announced … [+7669 chars]",Entrepreneur
92,Tom Nardi,High Tech Pancake Tesla Coil Brings the Lightning,For several years now we’ve been following [Jay Bowles] as he brings high-voltage down to Earth on his Plasma Channel YouTube channel. From spark gaps made of bits of copper pipe to automotiv…,https://hackaday.com/2022/03/18/high-tech-pancake-tesla-coil-brings-the-lightning/,https://hackaday.com/wp-content/uploads/2022/03/sstc_feat.gif,2022-03-18T20:00:51Z,For several years now we’ve been following [Jay Bowles] as he brings high-voltage down to Earth on his Plasma Channel YouTube channel. From spark gaps made of bits of copper pipe to automotive igniti… [+2473 chars],Hackaday
93,Al Williams,Just in Case You Want to Charge Your Neighbor’s Tesla,"Tesla vehicles have a charging port that is under a cover that only opens on command from a charging station. Well, maybe not only. [IfNotPike] reports that he was able to replay the 315MHz signal …",https://hackaday.com/2022/04/08/just-in-case-you-want-to-charge-your-neighbors-tesla/,https://hackaday.com/wp-content/uploads/2022/04/tesla.png,2022-04-09T02:00:38Z,"Tesla vehicles have a charging port that is under a cover that only opens on command from a charging station. Well, maybe not only. [IfNotPike] reports that he was able to replay the 315MHz signal us… [+954 chars]",Hackaday
94,Andrew Tarantola,Kia's 2023 Niro SUV comes in all the EV flavors,"The Kia Niro has long been a staff-favorite here at Engadget. On Wednesday, the Korean automaker took to the NYIAS 2022 stage to show off its latest iterations of the popular compact sport utility, one for every kind of driver. 
Hyundai Motor Group
The seco…",https://www.engadget.com/kias-2023-niro-suv-comes-in-all-the-ev-flavors-141024897.html,https://s.yimg.com/os/creatr-uploaded-images/2022-04/117f98a0-bb2d-11ec-bf7d-bb769bce4952,2022-04-13T14:10:24Z,"The Kia Niro has long been a staff-favorite here at Engadget. On Wednesday, the Korean automaker took to the NYIAS 2022 stage to show off its latest iterations of the popular compact sport utility, o… [+2504 chars]",Engadget
95,Emily Rella,"Neon Lights, Fireworks and $90 Merch: Elon Musk Throws Massive 'Cyber Rodeo' Party at Tesla Factory Opening","Musk took the stage around 10 p.m. to talk about Tesla's past, present and future.",https://www.entrepreneur.com/article/424301,https://assets.entrepreneur.com/content/3x2/2000/1649428496-GettyImages-1239825293.jpg,2022-04-08T14:35:29Z,"If theres one thing Elon Musk is going to do, its make sure that everything is done as big and over the top as possible.
SUZANNE CORDEIRO | Getty Images
Thursdays opening party for Teslas new Gigaf… [+2784 chars]",Entrepreneur
96,,Twitter options trades ahead of Musk disclosure raise analysts' eyebrows - Reuters,"Some well-timed trades in the options on Twitter Inc <a href=""https://www.reuters.com/companies/TWTR.N"" target=""_blank"">(TWTR.N)</a>, in the days before Tesla Inc's <a href=""https://www.reuters.com/companies/TSLA.O"" target=""_blank"">(TSLA.O)</a> top boss Elon …",https://www.reuters.com/technology/twitter-options-trades-ahead-musk-disclosure-raise-analysts-eyebrows-2022-04-04/,https://www.reuters.com/resizer/G_V9wS2iJz3ZBg8GD2i9H8bFX7o=/1200x628/smart/filters:quality(80)/cloudfront-us-east-2.images.arcpublishing.com/reuters/7NNEUGDUHBLDHG7LQ6B7LQ7AFE.jpg,2022-04-04T16:48:00Z,"NEW YORK, April 4 (Reuters) - Some well-timed trades in the options on Twitter Inc (TWTR.N), in the days before Tesla Inc's (TSLA.O) top boss Elon Musk revealed a large stake in the social media comp… [+2810 chars]",Reuters
97,,Elon Musk's arrival stirs fears among some Twitter employees - Reuters,"News of Tesla <a href=""https://www.reuters.com/companies/TSLA.O"" target=""_blank"">(TSLA.O)</a> Chief Executive Elon Musk taking a board seat at Twitter <a href=""https://www.reuters.com/companies/TWTR.N"" target=""_blank"">(TWTR.N)</a> has some Twitter employees p…",https://www.reuters.com/technology/elon-musks-arrival-stirs-fears-among-some-twitter-employees-2022-04-07/,https://www.reuters.com/resizer/s11fDsycjFZ8Wd2vO2HKX1G_9w0=/1200x628/smart/filters:quality(80)/cloudfront-us-east-2.images.arcpublishing.com/reuters/VFMH774KQJJLHC56F7KN2O7ZJI.jpg,2022-04-07T10:05:00Z,April 7 (Reuters) - News of Tesla (TSLA.O) Chief Executive Elon Musk taking a board seat at Twitter (TWTR.N) has some Twitter employees panicking over the future of the social media firm's ability to… [+4759 chars],Reuters
98,,Breakingviews - China Covid-zero zeal puts carmakers into low gear - Reuters,"China’s Covid-zero zeal is forcing the world’s carmakers into a lower gear. Beijing’s harsh Omicron lockdowns are stalling supply chains <a href=""/business/autos-transportation/tesla-sold-65814-china-made-vehicles-march-cpca-2022-04-11/""> read more </a> while…",https://www.reuters.com/breakingviews/china-covid-zero-zeal-puts-carmakers-into-low-gear-2022-04-12/,https://www.reuters.com/resizer/vjFtQDnHbr2JpL_vStvrc3w79_s=/1200x628/smart/filters:quality(80)/cloudfront-us-east-2.images.arcpublishing.com/reuters/FJFLDUJMFRMLDJPKGEGLEPR3T4.jpg,2022-04-12T04:27:00Z,"HONG KONG, April 12 (Reuters Breakingviews) - Chinas Covid-zero zeal is forcing the worlds carmakers into a lower gear. Beijings harsh Omicron lockdowns are stalling supply chains read more while war… [+3311 chars]",Reuters
99,,Factbox: Automakers securing battery raw materials - Reuters,"A spike in demand for electric vehicles (EV) in the global markets is encouraging automakers such Tesla Inc <a href=""https://www.reuters.com/companies/TSLA.O"" target=""_blank"">(TSLA.O)</a>, Volkswagen <a href=""https://www.reuters.com/companies/VOWG_p.DE"" targe…",https://www.reuters.com/technology/automakers-securing-battery-raw-materials-2022-03-23/,https://www.reuters.com/resizer/fM4iPJVp4RMwq2PRQTFWHJT2gmA=/1200x628/smart/filters:quality(80)/cloudfront-us-east-2.images.arcpublishing.com/reuters/67FNDSJM5BLNXDSJ2O3VHQEAY4.jpg,2022-03-23T13:29:00Z,"March 23 (Reuters) - A spike in demand for electric vehicles (EV) in the global markets is encouraging automakers such Tesla Inc (TSLA.O), Volkswagen (VOWG_p.DE) and Stellantis NV (STLA.MI) to secure… [+1756 chars]",Reuters
